step,x,y,action,battery,mode
0,0,0,start,100,patrol
1,0,1,up,99,patrol
2,0,0,down,98,patrol
3,1,0,right,97,patrol
4,1,1,up,96,patrol
5,1,2,up,95,patrol
6,1,2,stop,94,patrol
7,2,2,right,93,patrol
8,1,2,left,92,patrol
9,2,2,right,91,patrol
10,2,3,up,90,patrol
11,2,4,up,89,patrol
12,2,5,up,88,patrol
13,2,6,up,87,patrol
14,2,7,up,86,patrol
15,1,7,left,85,patrol
16,2,7,right,84,patrol
17,2,8,up,83,patrol
18,2,9,up,82,patrol
19,2,9,stop,81,patrol
20,2,10,up,80,patrol
21,2,11,up,79,patrol
22,3,11,right,78,patrol
23,3,12,up,77,patrol
24,3,13,up,76,patrol
25,4,13,right,75,patrol
26,4,14,up,74,patrol
27,3,14,left,73,return
28,2,14,left,72,return
29,1,14,left,71,return
30,0,14,left,70,return
31,0,13,down,69,return
32,0,12,down,68,return
33,0,11,down,67,return
34,0,10,down,66,return
35,0,9,down,65,return
36,0,8,down,64,return
37,0,7,down,63,return
38,0,6,down,62,return
39,0,5,down,61,return
40,0,4,down,60,return
41,0,3,down,59,return
42,0,2,down,58,return
43,0,1,down,57,return
44,0,0,down,56,return
